{"method": "SONG", "class": 5, "accuracy": 0.9440654843110505, "time": 540.0499079227448, "noise_size": 0.0}
{"method": "SONG", "class": 5, "accuracy": 0.8832586240498929, "time": 1349.390308856964, "noise_size": 0.1}
{"method": "SONG", "class": 5, "accuracy": 0.46677061001754044, "time": 2258.359927892685, "noise_size": 0.2}
{"method": "SONG", "class": 5, "accuracy": 0.22432274410446307, "time": 2734.504863023758, "noise_size": 0.30000000000000004}
{"method": "SONG", "class": 5, "accuracy": 0.19762229584876242, "time": 3308.7868728637695, "noise_size": 0.4}
{"method": "SONG", "class": 5, "accuracy": 0.19859676476320406, "time": 3744.516671180725, "noise_size": 0.5}
{"method": "SONG", "class": 5, "accuracy": 0.19820697719742741, "time": 4147.619012117386, "noise_size": 0.6000000000000001}
{"method": "SONG", "class": 5, "accuracy": 0.22022997466380823, "time": 4159.931790113449, "noise_size": 0.7000000000000001}
{"method": "SONG", "class": 5, "accuracy": 0.21223932956538685, "time": 3857.5061571598053, "noise_size": 0.8}
{"method": "SONG", "class": 5, "accuracy": 0.19255505749366594, "time": 4290.484808921814, "noise_size": 0.9}
{"method": "SONG", "class": 5, "accuracy": 0.21145975443383355, "time": 4903.636341094971, "noise_size": 1.0}
